,player_team,player_name,player_minute,pass_ec_mean
18,Getafe,Óscar Rodríguez,309,0.5402765960633307
242,Barcelona,Frenkie de Jong,936,0.4389733245393343
128,Las Palmas,Kirian Rodríguez,1511,0.432820692672022
363,Real Betis,William Carvalho,324,0.4305778910237737
25,Atlético de Madrid,Koke,1178,0.4191305255050065
221,Real Madrid,Toni Kroos,1210,0.4177241158076047
49,Las Palmas,Jonathan Viera,619,0.4166401172840696
177,Athletic Club,Ander Herrera,585,0.4149965926100856
399,Girona,Aleix García,1790,0.3997264860655452
3,Alavés,Ander Guevara,1575,0.3973282946535483
289,Real Betis,Isco,1503,0.3963402946554452
124,Las Palmas,Máximo Perrone,745,0.3956969628757885
265,Rayo Vallecano,Unai López,1007,0.392711710901809
36,Atlético de Madrid,Rodrigo De Paul,1012,0.3912567370996079
383,Osasuna,Moi Gómez,1079,0.3865219831492019
250,Real Madrid,Luka Modric,804,0.3729802112297426
420,Sevilla,Suso,852,0.3714758674171071
271,Real Betis,Marc Roca,1429,0.3649082797869155
164,Celta de Vigo,Hugo Sotelo,305,0.3626861062103235
306,Getafe,Jaime Mata,789,0.361060866268174
193,Villarreal,Dani Parejo,1577,0.3594917507956944
37,Real Madrid,Eduardo Camavinga,751,0.3587616247909239
207,Cádiz,Rubén Sobrino,643,0.3586300126439562
346,Valencia CF,Dimitri Foulquier,554,0.3583423530453601
139,Almería,Lucas Robertone,1149,0.3570994001754171
342,Cádiz,Rubén Alcaraz,1518,0.3563192683764966
121,Getafe,Carles Aleñá,603,0.3507557444660202
69,Celta de Vigo,Carlos Dotor,505,0.3503122541295755
234,Getafe,Luis Milla,631,0.3486929140790267
44,Osasuna,Iker Muñoz,709,0.3485353161526592
99,Real Madrid,Federico Valverde,1568,0.3479002441659805
314,Valencia CF,Pepelu,1685,0.3474607814308821
273,Granada CF,Álvaro Carreras,474,0.3452249881261782
307,Real Madrid,Aurélien Tchouaméni,981,0.3446803021212199
15,Barcelona,Ilkay Gündogan,1567,0.3435122615718806
75,Sevilla,Ivan Rakitic,1370,0.3407472581871724
50,Mallorca,Samú Costa,1497,0.3404442902833504
231,Getafe,Mason Greenwood,1070,0.340096138015193
155,Granada CF,Gerard Gumbau,1430,0.3383641612721722
232,Sevilla,Fernando,459,0.3382694527035007
377,Valencia CF,Hugo Guillamón,432,0.3375281414466966
236,Alavés,Ianis Hagi,554,0.3361870468792657
208,Athletic Club,Iker Muniain,321,0.3339941617682205
153,Granada CF,Gonzalo Villar,937,0.3328766707527598
348,Sevilla,Boubakary Soumaré,792,0.3328144766155653
115,Athletic Club,Mikel Vesga,1052,0.3314118877890818
280,Celta de Vigo,Fran Beltrán,1095,0.3313324733738944
12,Alavés,Luis Rioja,1508,0.3296351275654305
131,Osasuna,Jon Moncayola,820,0.3294539347909047
14,Real Betis,Andrés Guardado,352,0.3289193527648401
241,Alavés,Antonio Blanco,1161,0.3288918156529122
33,Sevilla,Óliver Torres,759,0.3274666290879517
34,Barcelona,Oriol Romeu,658,0.3266607551991609
318,Celta de Vigo,Jonathan Bamba,1415,0.3240715516236154
354,Athletic Club,Íñigo Ruíz de Galarreta,1222,0.3219852921149985
89,Real Madrid,Jude Bellingham,1463,0.3189446872146805
146,Osasuna,Aimar Oroz,1528,0.3181877423974306
107,Celta de Vigo,Renato Tapia,647,0.3166965794370315
411,Villarreal,Étienne Capoue,1141,0.316455580104748
421,Alavés,Jon Guridi,1364,0.3141577074484374
302,Mallorca,Sergi Darder,1139,0.3132773530928735
298,Barcelona,Pedri,617,0.3111850645001934
40,Granada CF,Sergio Ruiz,1052,0.3089285713919104
357,Athletic Club,Oihan Sancet,1338,0.3057666413312745
183,Cádiz,Darwin Machís,722,0.3057595890969272
371,Villarreal,Álex Baena,1185,0.3031488597639041
51,Getafe,Mauro Arambarri,337,0.3018350417403668
172,Rayo Vallecano,Isi Palazón,1476,0.3016748139967272
274,Cádiz,Álex Fernández,744,0.3015923965407079
203,Rayo Vallecano,Pathé Ciss,1008,0.3007274348785485
329,Cádiz,Rominigue Kouamé,462,0.300301802565817
159,Mallorca,Omar Mascarell,638,0.3000782441304046
180,Rayo Vallecano,Óscar Valentín,1404,0.2993929854072242
268,Alavés,Álex Sola,650,0.2992690593074216
105,Sevilla,Joan Jordán,255,0.2945210165147986
214,Real Sociedad,Ander Barrenetxea,897,0.2942762492179528
87,Real Sociedad,Mikel Merino,1344,0.2931425739410268
178,Mallorca,Dani Rodríguez,1433,0.2925340903565265
299,Almería,Dion Lopy,1275,0.2918307308869481
122,Getafe,Djené Dakonam,1143,0.2915777134757236
290,Girona,Iván Martín,1481,0.2908108157333658
323,Granada CF,Óscar Melendo,783,0.2893099643377835
392,Villarreal,Santi Comesaña,477,0.2889990510166115
249,Real Sociedad,Brais Méndez,1462,0.2878741618524021
110,Real Betis,Rodri,605,0.2875682012699054
45,Athletic Club,Nico Williams,1328,0.2867437808392189
2,Mallorca,Manu Morlanes,571,0.2864626274006385
409,Getafe,José Ángel Carmona,517,0.2819252850148405
404,Real Betis,Sergi Altimira,284,0.2818589551695732
76,Las Palmas,Enzo Loiodice,1102,0.2813787072454534
62,Real Betis,Guido Rodríguez,1076,0.2803032726211945
86,Almería,Adri Embarba,1285,0.2781916073727279
212,Celta de Vigo,Luca de la Torre,1128,0.2770830733427987
372,Cádiz,Iván Alejo,1143,0.2765777239744935
415,Real Sociedad,Martín Zubimendi,1697,0.2765188873630718
55,Osasuna,Pablo Ibáñez,406,0.2757718362516709
197,Almería,Gonzalo Melero,746,0.2752345083767645
125,Sevilla,Djibril Sow,978,0.2739896751169032
137,Almería,Iddrisu Baba,966,0.2728355178619535
297,Cádiz,Gonzalo Escalante,691,0.2719652387045708
79,Celta de Vigo,Carles Pérez,361,0.269561491079612
27,Athletic Club,Iñaki Williams,1569,0.2692958877699583
119,Alavés,Carlos Benavídez,390,0.2686530971198264
140,Atlético de Madrid,Pablo Barrios,562,0.2655990850977284
104,Rayo Vallecano,Álvaro García,1382,0.2617816970131881
133,Real Betis,Luiz Henrique,347,0.2617712703866281
168,Osasuna,Lucas Torró,1025,0.2605850171981888
237,Athletic Club,Dani García,399,0.2598796396130893
293,Mallorca,Antonio Sánchez,752,0.2569422194604909
351,Barcelona,Sergi Roberto,357,0.2551710896013717
81,Real Betis,Ayoze Pérez,1451,0.2502063343056359
432,Villarreal,Ramon Terrats,615,0.2475211547141742
116,Girona,Yan Couto,1156,0.2452549255105766
209,Celta de Vigo,Franco Cervi,432,0.2437017986932518
9,Atlético de Madrid,Marcos Llorente,1277,0.2432162889906697
175,Atlético de Madrid,Saúl Ñíguez,808,0.2427808558302263
222,Alavés,Xeber Alkain,272,0.2420002617413036
132,Villarreal,Yeremy Pino,479,0.2418832514449994
385,Alavés,Abderrahmane Rebbach,578,0.2416369637893617
434,Las Palmas,Javi Muñoz,1349,0.2404232368698312
136,Real Madrid,Brahim Díaz,539,0.2404076641668636
406,Valencia CF,Fran Pérez,1264,0.2396089079267834
288,Athletic Club,Alex Berenguer,651,0.2395910245975142
376,Atlético de Madrid,Rodrigo Riquelme,746,0.2388310202197992
261,Villarreal,Kiko Femenía,209,0.2380789145868604
412,Sevilla,Erik Lamela,338,0.2378770646275471
74,Las Palmas,Alberto Moleiro,520,0.2376154702205311
287,Atlético de Madrid,Samuel Lino,899,0.2363418886367739
24,Getafe,Nemanja Maksimovic,1696,0.2346878299069649
109,Granada CF,Bryan Zaragoza,1380,0.2328101018426865
152,Valencia CF,Selim Amallah,487,0.2312512688508576
340,Athletic Club,Beñat Prados,406,0.2306394522731697
317,Barcelona,Gavi,943,0.2302012528779396
150,Granada CF,José Callejón,538,0.227708134989676
233,Real Betis,Abde Ezzalzouli,570,0.2269179696775308
270,Valencia CF,Javi Guerra,1315,0.2256717705139262
31,Cádiz,Robert Navarro,386,0.2221204225458228
100,Villarreal,Ilias Akhomach,644,0.220729463804587
319,Real Betis,Assane Diao,798,0.2196848743134719
403,Almería,Sergio Arribas,1335,0.2189556581819815
387,Girona,Viktor Tsygankov,990,0.2165473578587555
114,Valencia CF,Diego López,1357,0.2161025462149919
167,Granada CF,Antonio Puertas,603,0.21440800147379
312,Girona,Sávio,1571,0.2117550987575775
413,Girona,Yangel Herrera,1097,0.2106593270184217
364,Real Sociedad,Arsen Zakharyan,475,0.2094110921840924
286,Valencia CF,Sergi Canós,497,0.1971094856361264
276,Almería,Arnau Puigmal,248,0.1953259778440248
389,Rayo Vallecano,Jorge de Frutos,585,0.1948936448509162
325,Las Palmas,Marvin Park,652,0.1945790456189179
275,Girona,Valery Fernández,360,0.1866387248217459
42,Real Sociedad,Beñat Turrientes,580,0.1862706023731235
310,Las Palmas,Pejiño,429,0.1779116383014954
272,Almería,Largie Ramazani,1077,0.1660866126838336
149,Las Palmas,Munir El Haddadi,1413,0.1644150417709316
417,Almería,Lázaro,247,0.112954196168244
